{"cameraMode":{"drawMode":0,"name":"Shaded","section":"Shading Mode"},"sceneLighting":true,"audioPlay":false,"sceneViewState":{"m_AlwaysRefresh":false,"showFog":true,"showSkybox":true,"showFlares":true,"showImageEffects":true,"showParticleSystems":true,"showVisualEffectGraphs":true,"m_FxEnabled":true},"in2DMode":false,"pivot":{"x":71.06609344482422,"y":-6.062140464782715,"z":-58.511268615722659},"rotation":{"x":-0.16752645373344422,"y":0.0035468963906168939,"z":-0.0006055478588677943,"w":-0.985932469367981},"size":14.705878257751465,"orthographic":false}