{"cameraMode":{"drawMode":0,"name":"Shaded","section":"Shading Mode"},"sceneLighting":true,"audioPlay":false,"sceneViewState":{"m_AlwaysRefresh":false,"showFog":true,"showSkybox":true,"showFlares":true,"showImageEffects":true,"showParticleSystems":true,"showVisualEffectGraphs":true,"m_FxEnabled":true},"in2DMode":false,"pivot":{"x":70.27680969238281,"y":-4.0576982498168949,"z":-72.18854522705078},"rotation":{"x":0.2957410514354706,"y":0.021792544052004815,"z":-0.006738588213920593,"w":0.9550060629844666},"size":8.252128601074219,"orthographic":false}